{
  "label": "K4-BF16 + native Gemma4Unified loader (vLLM 0.22.2)",
  "temperature": 0.0,
  "max_tokens": 250,
  "single": {
    "by_category": {
      "reasoning": {
        "n": 4,
        "ttft_ms": {
          "n": 4,
          "mean": 342.8917014898616,
          "median": 337.0302859984804,
          "min": 316.38866098364815,
          "max": 381.1175729788374
        },
        "tpot_ms": {
          "n": 4,
          "mean": 150.3813582325875,
          "median": 152.17523988630177,
          "min": 120.14650433449883,
          "max": 177.0284488232477
        },
        "decode_tok_s": {
          "n": 4,
          "mean": 6.796022503557455,
          "median": 6.606054296920318,
          "min": 5.6488095933012445,
          "max": 8.323171827087942
        },
        "wall_tok_s": {
          "n": 4,
          "mean": 6.7547060304184425,
          "median": 6.566139319364609,
          "min": 5.624339488696662,
          "max": 8.262205994247891
        },
        "output_tokens": {
          "n": 4,
          "mean": 218.25,
          "median": 212.0,
          "min": 182,
          "max": 267
        }
      },
      "math": {
        "n": 4,
        "ttft_ms": {
          "n": 4,
          "mean": 306.40604300424457,
          "median": 304.2898595012957,
          "min": 297.6831780106295,
          "max": 319.3612750037573
        },
        "tpot_ms": {
          "n": 4,
          "mean": 181.1271014069613,
          "median": 183.60779323495808,
          "min": 168.80806375794285,
          "max": 188.48475539998617
        },
        "decode_tok_s": {
          "n": 4,
          "mean": 5.531639664105601,
          "median": 5.448601086356072,
          "min": 5.305468858093515,
          "max": 5.923887625616744
        },
        "wall_tok_s": {
          "n": 4,
          "mean": 5.510173172112457,
          "median": 5.426458522456277,
          "min": 5.287471985580825,
          "max": 5.900303657956449
        },
        "output_tokens": {
          "n": 4,
          "mean": 178.25,
          "median": 175.5,
          "min": 171,
          "max": 191
        }
      },
      "code": {
        "n": 4,
        "ttft_ms": {
          "n": 4,
          "mean": 312.28358226508135,
          "median": 315.7267675123876,
          "min": 299.56349602434784,
          "max": 318.11729801120237
        },
        "tpot_ms": {
          "n": 4,
          "mean": 142.534008990895,
          "median": 142.45243105552314,
          "min": 129.65980686234624,
          "max": 155.5713669901874
        },
        "decode_tok_s": {
          "n": 4,
          "mean": 7.04504569521714,
          "median": 7.019887219322635,
          "min": 6.427918063245369,
          "max": 7.71249027897792
        },
        "wall_tok_s": {
          "n": 4,
          "mean": 7.0080510364267,
          "median": 6.982307384246415,
          "min": 6.3956361077227815,
          "max": 7.671953269491189
        },
        "output_tokens": {
          "n": 4,
          "mean": 226.75,
          "median": 226.0,
          "min": 207,
          "max": 248
        }
      },
      "prose": {
        "n": 4,
        "ttft_ms": {
          "n": 4,
          "mean": 296.519933755917,
          "median": 293.15236100228503,
          "min": 284.46071202051826,
          "max": 315.3143009985797
        },
        "tpot_ms": {
          "n": 4,
          "mean": 113.08128605444318,
          "median": 112.9662994434523,
          "min": 106.45403209636669,
          "max": 119.93851323450144
        },
        "decode_tok_s": {
          "n": 4,
          "mean": 8.859527061096182,
          "median": 8.853388446680707,
          "min": 8.337605436585823,
          "max": 9.39372591443749
        },
        "wall_tok_s": {
          "n": 4,
          "mean": 8.796044024063585,
          "median": 8.802388153975159,
          "min": 8.246307332569884,
          "max": 9.33309245573414
        },
        "output_tokens": {
          "n": 4,
          "mean": 243,
          "median": 270.5,
          "min": 129,
          "max": 302
        }
      },
      "dialogue": {
        "n": 4,
        "ttft_ms": {
          "n": 4,
          "mean": 301.0894032413489,
          "median": 302.5617419916671,
          "min": 295.75778800062835,
          "max": 303.47634098143317
        },
        "tpot_ms": {
          "n": 4,
          "mean": 123.09261595135212,
          "median": 122.79057086202471,
          "min": 114.82123320070629,
          "max": 131.96808888065272
        },
        "decode_tok_s": {
          "n": 4,
          "mean": 8.143677422485457,
          "median": 8.143964833755522,
          "min": 7.577589464861954,
          "max": 8.709190557568832
        },
        "wall_tok_s": {
          "n": 4,
          "mean": 8.093563295787874,
          "median": 8.089035366959623,
          "min": 7.5374427242373585,
          "max": 8.658739724994893
        },
        "output_tokens": {
          "n": 4,
          "mean": 241.25,
          "median": 253.0,
          "min": 179,
          "max": 280
        }
      },
      "summary": {
        "n": 4,
        "ttft_ms": {
          "n": 4,
          "mean": 293.5533884956385,
          "median": 291.96375599713065,
          "min": 290.0299909815658,
          "max": 300.2560510067269
        },
        "tpot_ms": {
          "n": 4,
          "mean": 101.4282205718738,
          "median": 101.48936293334737,
          "min": 97.63110446340472,
          "max": 105.10305195739569
        },
        "decode_tok_s": {
          "n": 4,
          "mean": 9.86838272300618,
          "median": 9.858210970053953,
          "min": 9.51447157219904,
          "max": 10.242637379717774
        },
        "wall_tok_s": {
          "n": 4,
          "mean": 9.800217195847468,
          "median": 9.800269061634449,
          "min": 9.459856775361873,
          "max": 10.140473884759102
        },
        "output_tokens": {
          "n": 4,
          "mean": 286.5,
          "median": 308.0,
          "min": 206,
          "max": 324
        }
      }
    },
    "overall": {
      "ttft_ms": {
        "n": 24,
        "mean": 308.79067537534866,
        "median": 302.5617419916671,
        "min": 284.46071202051826,
        "max": 381.1175729788374
      },
      "tpot_ms": {
        "n": 24,
        "mean": 135.27409853468546,
        "median": 126.31396849824701,
        "min": 97.63110446340472,
        "max": 188.48475539998617
      },
      "decode_tok_s": {
        "n": 24,
        "mean": 7.707382511578002,
        "median": 7.922339333606919,
        "min": 5.305468858093515,
        "max": 10.242637379717774
      },
      "wall_tok_s": {
        "n": 24,
        "mean": 7.660459125776088,
        "median": 7.880379890734529,
        "min": 5.287471985580825,
        "max": 10.140473884759102
      }
    }
  },
  "concurrent": [
    {
      "round": 1,
      "elapsed_s": 27.427420271997107,
      "agg_tok_s": 32.15759963034168,
      "avg_ttft_ms": 1048.1535644939868,
      "streams": [
        {
          "category": "reasoning",
          "ttft_ms": 1137.5694809830748,
          "tpot_ms": 134.81900761029326,
          "decode_tok_s": 7.417351734931858,
          "wall_tok_s": 7.146170850148794,
          "output_tokens": 196,
          "error": ""
        },
        {
          "category": "math",
          "ttft_ms": 1018.4024519985542,
          "tpot_ms": 148.36356299994725,
          "decode_tok_s": 6.740199411363258,
          "wall_tok_s": 6.526387814653806,
          "output_tokens": 179,
          "error": ""
        },
        {
          "category": "code",
          "ttft_ms": 1018.3456510130782,
          "tpot_ms": 128.19764818442368,
          "decode_tok_s": 7.800455111012734,
          "wall_tok_s": 7.547290563290637,
          "output_tokens": 207,
          "error": ""
        },
        {
          "category": "prose",
          "ttft_ms": 1018.29667398124,